{"EEG_res": {"DGP": [0.6467499732971191, 0.7012051939964294, 0.12777778506278992], "LMGP": [0.606249988079071, 0.7131885290145874, 0.14380775392055511], "LMGP_con": [0.7127500176429749, 0.5398080348968506, 0.021660421043634415]}, "HTRU2_res": {"DGP": [0.9782000184059143, 0.07795679569244385, 0.03839163854718208], "LMGP": [0.9768000245094299, 0.0793921947479248, 0.039690300822257996], "LMGP_con": [0.9796000123023987, 0.07123546302318573, 0.04246756061911583]}, "MAGIC_res": {"DGP": [0.795799970626831, 0.5362366437911987, 0.10130868852138519], "LMGP": [0.7932000160217285, 0.49166595935821533, 0.08232767879962921], "LMGP_con": [0.8162000179290771, 0.40867048501968384, 0.04362637922167778]}, "MiniBoo_res": {"DGP": [0.866599977016449, 0.33838561177253723, 0.029760224744677544], "LMGP": [0.8677999973297119, 0.3311293423175812, 0.012597399763762951], "LMGP_con": [0.8726000189781189, 0.2973827123641968, 0.02488512359559536]}}