{"EEG_res": {"DGP": [0.5885000228881836, 0.7486024498939514, 0.17264671623706818], "LMGP": [0.5569999814033508, 0.729259729385376, 0.09519588202238083], "LMGP_con": [0.6862499713897705, 0.5671086311340332, 0.013570543378591537]}, "HTRU2_res": {"DGP": [0.9779999852180481, 0.07645564526319504, 0.039890140295028687], "LMGP": [0.977400004863739, 0.07888096570968628, 0.039150871336460114], "LMGP_con": [0.9797999858856201, 0.07336153835058212, 0.04176821559667587]}, "MAGIC_res": {"DGP": [0.7919999957084656, 0.6402088403701782, 0.1169930025935173], "LMGP": [0.7914000153541565, 0.552958607673645, 0.09899098426103592], "LMGP_con": [0.824999988079071, 0.4007170796394348, 0.05011987313628197]}, "MiniBoo_res": {"DGP": [0.8668000102043152, 0.33881834149360657, 0.029520491138100624], "LMGP": [0.8677999973297119, 0.3311293423175812, 0.012597399763762951], "LMGP_con": [0.8726000189781189, 0.2973827123641968, 0.02488512359559536]}}