{"EEG_res": {"DGP": [0.5872499942779541, 0.7239165902137756, 0.13644194602966309], "LMGP": [0.5852500200271606, 0.6865164041519165, 0.10098625719547272], "LMGP_con": [0.6875, 0.5505354404449463, 0.019013741984963417]}, "HTRU2_res": {"DGP": [0.9739999771118164, 0.09063036739826202, 0.03817182406783104], "LMGP": [0.9715999960899353, 0.09093181788921356, 0.037572432309389114], "LMGP_con": [0.975600004196167, 0.07962378114461899, 0.03939061611890793]}, "MAGIC_res": {"DGP": [0.7968000173568726, 0.553565263748169, 0.10956043750047684], "LMGP": [0.7990000247955322, 0.4814997911453247, 0.07971030473709106], "LMGP_con": [0.8235999941825867, 0.40687790513038635, 0.047222789376974106]}, "MiniBoo_res": {"DGP": [0.8669999837875366, 0.338272362947464, 0.02952045202255249], "LMGP": [0.8677999973297119, 0.3311293423175812, 0.012597399763762951], "LMGP_con": [0.8726000189781189, 0.2973827123641968, 0.02488512359559536]}}