{"EEG_res": {"DGP": [0.6807500123977661, 0.6890937685966492, 0.10687888413667679], "LMGP": [0.671999990940094, 0.6624484658241272, 0.07404493540525436], "LMGP_con": [0.6875, 0.548423171043396, 0.02717852033674717]}, "HTRU2_res": {"DGP": [0.9764000177383423, 0.08670683950185776, 0.0359540618956089], "LMGP": [0.973800003528595, 0.08550375699996948, 0.04116884991526604], "LMGP_con": [0.9783999919891357, 0.07691948115825653, 0.0431668646633625]}, "MAGIC_res": {"DGP": [0.800599992275238, 0.5621601343154907, 0.10818183422088623], "LMGP": [0.7993999719619751, 0.4891148507595062, 0.0902397632598877], "LMGP_con": [0.8334000110626221, 0.38137179613113403, 0.06030968576669693]}, "MiniBoo_res": {"DGP": [0.8669999837875366, 0.3374374210834503, 0.02936064451932907], "LMGP": [0.8677999973297119, 0.3311293423175812, 0.012597399763762951], "LMGP_con": [0.8726000189781189, 0.2973827123641968, 0.02488512359559536]}}