{"EEG_res": {"DGP": [0.6362500190734863, 0.6315459609031677, 0.0551435723900795], "LMGP": [0.578000009059906, 0.6621639132499695, 0.07444444298744202], "LMGP_con": [0.6955000162124634, 0.5480953454971313, 0.021535592153668404]}, "HTRU2_res": {"DGP": [0.9733999967575073, 0.09256896376609802, 0.038171835243701935], "LMGP": [0.9721999764442444, 0.08989989757537842, 0.03927072510123253], "LMGP_con": [0.9751999974250793, 0.0848274752497673, 0.037392597645521164]}, "MAGIC_res": {"DGP": [0.8011999726295471, 0.5869053602218628, 0.09643355011940002], "LMGP": [0.7937999963760376, 0.5216696262359619, 0.08734266459941864], "LMGP_con": [0.8212000131607056, 0.4114838242530823, 0.04946053400635719]}, "MiniBoo_res": {"DGP": [0.8664000034332275, 0.3383502960205078, 0.029980000108480453], "LMGP": [0.8677999973297119, 0.3311293423175812, 0.012597399763762951], "LMGP_con": [0.8726000189781189, 0.2973827123641968, 0.02488512359559536]}}