{"CC_res": {"LMGP": [1.3012430667877197, -1.4905065298080444, 0.34403669834136963], "ExactGP": [0.9635015726089478, -1.2691714763641357, 0.9908257126808167], "ExactGP_log": [1.5209567546844482, -11.833683967590332, 0.8371559381484985], "SVIGP_log": [1.3040447235107422, -1.576693058013916, 0.2752293646335602]}, "DOCTOR_res": {"LMGP": [0.7802770733833313, -0.7038429975509644, 0.16929364204406738], "ExactGP": [0.8516539931297302, -1.2574377059936523, 0.978400468826294], "ExactGP_log": [0.9104921221733093, -4.618226051330566, 0.2650321125984192], "SVIGP_log": [0.8071590065956116, -0.7195351719856262, 0.009924110025167465]}, "EQUATION_res": {"LMGP": [41.527549743652344, -15.008914947509766, 0.9720930457115173], "ExactGP": [57.996402740478516, -46.393009185791016, 0.25581395626068115], "ExactGP_log": [66.49095153808594, -104.15615844726562, 0.04651162773370743], "SVIGP_log": [51.951236724853516, -26.34016990661621, 0.8883720636367798]}, "GSS7402_res": {"LMGP": [1.2626006603240967, -1.63329017162323, 0.42726442217826843], "ExactGP": [1.2552895545959473, -1.627938985824585, 0.9478499293327332], "ExactGP_log": [2.249260902404785, -2.921835422515869, 0.25343093276023865], "SVIGP_log": [1.3101624250411987, -1.6552982330322266, 0.20677036046981812]}, "MEDIC_res": {"LMGP": [3.5928761959075928, -2.5836896896362305, 0.4893617033958435], "ExactGP": [3.662048816680908, -2.6649694442749023, 0.9483282566070557], "ExactGP_log": [4.119610786437988, -22.337148666381836, 0.7477203607559204], "SVIGP_log": [3.8304390907287598, -3.366410493850708, 0.13069908320903778]}}