{"CC_res": {"LMGP": [1.3011043071746826, -1.4904398918151855, 0.34403669834136963], "ExactGP": [0.9612106680870056, -1.266671895980835, 0.9908257126808167], "ExactGP_log": [1.5200868844985962, -11.79287052154541, 0.8325688242912292], "SVIGP_log": [1.303808331489563, -1.5761973857879639, 0.2752293646335602]}, "DOCTOR_res": {"LMGP": [0.7816464900970459, -0.7038971185684204, 0.16929364204406738], "ExactGP": [0.8488887548446655, -1.1988980770111084, 0.9842382073402405], "ExactGP_log": [0.9104787111282349, -4.618016719818115, 0.264448344707489], "SVIGP_log": [0.8087769746780396, -0.7178540825843811, 0.007005253806710243]}, "EQUATION_res": {"LMGP": [41.43229293823242, -14.972249031066895, 0.9720930457115173], "ExactGP": [57.996402740478516, -46.393009185791016, 0.25581395626068115], "ExactGP_log": [66.49095153808594, -104.15615844726562, 0.04651162773370743], "SVIGP_log": [51.94582748413086, -26.32665252685547, 0.8883720636367798]}, "GSS7402_res": {"LMGP": [1.2615917921066284, -1.6328872442245483, 0.4281793236732483], "ExactGP": [1.255305528640747, -1.6279733180999756, 0.9487648606300354], "ExactGP_log": [2.249117136001587, -2.922060012817383, 0.25343093276023865], "SVIGP_log": [1.3236148357391357, -1.662479281425476, 0.2268984466791153]}, "MEDIC_res": {"LMGP": [3.5910089015960693, -2.5819778442382812, 0.4893617033958435], "ExactGP": [3.662048816680908, -2.6649694442749023, 0.9483282566070557], "ExactGP_log": [4.119610786437988, -22.337148666381836, 0.7477203607559204], "SVIGP_log": [3.8306996822357178, -3.367354154586792, 0.13373860716819763]}}