{"CC_res": {"LMGP": [1.3023738861083984, -1.4915547370910645, 0.34403669834136963], "ExactGP": [0.9641478657722473, -1.2706621885299683, 0.9908257126808167], "ExactGP_log": [1.52031409740448, -11.793950080871582, 0.8302752375602722], "SVIGP_log": [1.3036895990371704, -1.5760008096694946, 0.2752293646335602]}, "DOCTOR_res": {"LMGP": [0.7805773019790649, -0.7036859393119812, 0.16929364204406738], "ExactGP": [0.8489543795585632, -1.2337390184402466, 0.9813193082809448], "ExactGP_log": [0.9104903340339661, -4.61830472946167, 0.26561588048934937], "SVIGP_log": [0.8153783679008484, -0.7335150241851807, 0.005837711505591869]}, "EQUATION_res": {"LMGP": [41.646385192871094, -15.094558715820312, 0.9720930457115173], "ExactGP": [57.996402740478516, -46.393009185791016, 0.25581395626068115], "ExactGP_log": [66.49095153808594, -104.15615844726562, 0.04651162773370743], "SVIGP_log": [51.95215606689453, -26.34200096130371, 0.8883720636367798]}, "GSS7402_res": {"LMGP": [1.2619459629058838, -1.6329920291900635, 0.4281793236732483], "ExactGP": [1.255228877067566, -1.6279464960098267, 0.9487648606300354], "ExactGP_log": [2.2491698265075684, -2.9224843978881836, 0.25343093276023865], "SVIGP_log": [1.3154183626174927, -1.6563113927841187, 0.191216841340065]}, "MEDIC_res": {"LMGP": [3.5872631072998047, -2.576329469680786, 0.4893617033958435], "ExactGP": [3.662048816680908, -2.6649694442749023, 0.9483282566070557], "ExactGP_log": [4.119610786437988, -22.337148666381836, 0.7477203607559204], "SVIGP_log": [3.830573320388794, -3.3667874336242676, 0.13069908320903778]}}