{"CC_res": {"LMGP": [1.2995622158050537, -1.488898515701294, 0.34403669834136963], "ExactGP": [0.9609828591346741, -1.2696856260299683, 0.9908257126808167], "ExactGP_log": [1.520115613937378, -11.829648971557617, 0.8417431116104126], "SVIGP_log": [1.3040788173675537, -1.576809048652649, 0.2752293646335602]}, "DOCTOR_res": {"LMGP": [0.7803896069526672, -0.7035714983940125, 0.16929364204406738], "ExactGP": [0.8520580530166626, -1.2858580350875854, 0.9807355403900146], "ExactGP_log": [0.9104856848716736, -4.6181321144104, 0.264448344707489], "SVIGP_log": [0.8108497262001038, -0.7247219085693359, 0.008172796107828617]}, "EQUATION_res": {"LMGP": [41.25211715698242, -14.893512725830078, 0.9720930457115173], "ExactGP": [57.996402740478516, -46.393009185791016, 0.25581395626068115], "ExactGP_log": [66.49095153808594, -104.15615844726562, 0.04651162773370743], "SVIGP_log": [51.95204544067383, -26.341880798339844, 0.8883720636367798]}, "GSS7402_res": {"LMGP": [1.2625389099121094, -1.6332706212997437, 0.4281793236732483], "ExactGP": [1.255330204963684, -1.6279709339141846, 0.9487648606300354], "ExactGP_log": [2.2481353282928467, -2.916853904724121, 0.25160109996795654], "SVIGP_log": [1.283084511756897, -1.6416670083999634, 0.20860017836093903]}, "MEDIC_res": {"LMGP": [3.5897998809814453, -2.578139066696167, 0.4893617033958435], "ExactGP": [3.662048816680908, -2.6649694442749023, 0.9483282566070557], "ExactGP_log": [4.119610786437988, -22.337148666381836, 0.7477203607559204], "SVIGP_log": [3.8305439949035645, -3.3668885231018066, 0.13373860716819763]}}