{"CC_res": {"LMGP": [1.3002536296844482, -1.4895167350769043, 0.34403669834136963], "ExactGP": [0.9658703804016113, -1.2501798868179321, 0.9908257126808167], "ExactGP_log": [1.5215251445770264, -11.840005874633789, 0.8440366983413696], "SVIGP_log": [1.303755760192871, -1.5761126279830933, 0.2752293646335602]}, "DOCTOR_res": {"LMGP": [0.7793981432914734, -0.7025154232978821, 0.16929364204406738], "ExactGP": [0.8511543273925781, -1.2585303783416748, 0.9830706119537354], "ExactGP_log": [0.9105246067047119, -4.6184916496276855, 0.26561588048934937], "SVIGP_log": [0.8117740750312805, -0.7255872488021851, 0.007005253806710243]}, "EQUATION_res": {"LMGP": [41.924068450927734, -15.218390464782715, 0.9720930457115173], "ExactGP": [57.996402740478516, -46.393009185791016, 0.25581395626068115], "ExactGP_log": [66.49095153808594, -104.15615844726562, 0.04651162773370743], "SVIGP_log": [51.94932174682617, -26.336755752563477, 0.8883720636367798]}, "GSS7402_res": {"LMGP": [1.2611503601074219, -1.6326239109039307, 0.4300091564655304], "ExactGP": [1.2553945779800415, -1.6279582977294922, 0.9487648606300354], "ExactGP_log": [2.2491579055786133, -2.922682046890259, 0.25343093276023865], "SVIGP_log": [1.3273024559020996, -1.6629081964492798, 0.20219579339027405]}, "MEDIC_res": {"LMGP": [3.5896575450897217, -2.579904794692993, 0.4893617033958435], "ExactGP": [3.662048816680908, -2.6649694442749023, 0.9483282566070557], "ExactGP_log": [4.119610786437988, -22.337148666381836, 0.7477203607559204], "SVIGP_log": [3.830596923828125, -3.3668692111968994, 0.13069908320903778]}}