{"DRIVE_res": {"DGP": [0.8535000085830688, 0.4916830360889435, 0.09887556731700897], "LMGP": [0.9265000224113464, 0.3190912902355194, 0.030559713020920753], "LMGP_con": [0.9179999828338623, 0.20655500888824463, 0.04230386018753052]}, "LETTER_res": {"DGP": [0.5824999809265137, 1.7515902519226074, 0.24534998834133148], "LMGP": [0.5879999995231628, 1.6532588005065918, 0.04524999111890793], "LMGP_con": [0.6255000233650208, 1.0757890939712524, 0.0345500111579895]}, "MOCAP_res": {"DGP": [0.8095952272415161, 0.5109665393829346, 0.02458813786506653], "LMGP": [0.8450774550437927, 0.5338602066040039, 0.01964554190635681], "LMGP_con": [0.7951024770736694, 0.5216256380081177, 0.021756496280431747]}}