{"DRIVE_res": {"DGP": [0.8199999928474426, 0.546717643737793, 0.08748126775026321], "LMGP": [0.9350000023841858, 0.2713093161582947, 0.04080461338162422], "LMGP_con": [0.9150000214576721, 0.20782896876335144, 0.04170414060354233]}, "LETTER_res": {"DGP": [0.5950000286102295, 1.6985090970993042, 0.2568499743938446], "LMGP": [0.5855000019073486, 1.6070307493209839, 0.03894999250769615], "LMGP_con": [0.6359999775886536, 1.0380401611328125, 0.037300001829862595]}, "MOCAP_res": {"DGP": [0.7966017127037048, 0.5564694404602051, 0.03871691972017288], "LMGP": [0.8420789837837219, 0.5171705484390259, 0.028992006555199623], "LMGP_con": [0.7866066694259644, 0.533401608467102, 0.01876247487962246]}}