{"DRIVE_res": {"DGP": [0.8475000262260437, 0.49802321195602417, 0.10497252643108368], "LMGP": [0.9259999990463257, 0.3037663996219635, 0.03585707023739815], "LMGP_con": [0.9079999923706055, 0.22206613421440125, 0.03520742058753967]}, "LETTER_res": {"DGP": [0.5615000128746033, 1.7741894721984863, 0.22425000369548798], "LMGP": [0.5575000047683716, 1.7419631481170654, 0.037999991327524185], "LMGP_con": [0.6165000200271606, 1.1101901531219482, 0.01411794126033783]}, "MOCAP_res": {"DGP": [0.787106454372406, 0.5732293128967285, 0.03212682530283928], "LMGP": [0.8345826864242554, 0.48393625020980835, 0.0206440519541502], "LMGP_con": [0.7986006736755371, 0.5255432724952698, 0.024388421326875687]}}