{"DRIVE_res": {"DGP": [0.9204999804496765, 0.338476300239563, 0.12681159377098083], "LMGP": [0.9390000104904175, 0.2649153470993042, 0.06474262475967407], "LMGP_con": [0.921500027179718, 0.19454345107078552, 0.04535232111811638]}, "LETTER_res": {"DGP": [0.5835000276565552, 1.7394791841506958, 0.2348499745130539], "LMGP": [0.5295000076293945, 1.8237632513046265, 0.05229999125003815], "LMGP_con": [0.6244999766349792, 1.1092967987060547, 0.03605000302195549]}, "MOCAP_res": {"DGP": [0.7836081981658936, 0.605052649974823, 0.04935096949338913], "LMGP": [0.8235881924629211, 0.5502731204032898, 0.023539690300822258], "LMGP_con": [0.7676162123680115, 0.6148572564125061, 0.03458084538578987]}}