{"DRIVE_res": {"DGP": [0.843999981880188, 0.49692338705062866, 0.09887556731700897], "LMGP": [0.9340000152587891, 0.29642608761787415, 0.03360822796821594], "LMGP_con": [0.9265000224113464, 0.19012337923049927, 0.04190408065915108]}, "LETTER_res": {"DGP": [0.6019999980926514, 1.6777745485305786, 0.2533000111579895], "LMGP": [0.593999981880188, 1.6053088903427124, 0.04829999431967735], "LMGP_con": [0.6535000205039978, 0.9730074405670166, 0.03740629553794861]}, "MOCAP_res": {"DGP": [0.8090954422950745, 0.5230201482772827, 0.030579136684536934], "LMGP": [0.8335832357406616, 0.5388472080230713, 0.0800049901008606], "LMGP_con": [0.7881059646606445, 0.5372394919395447, 0.03766852244734764]}}